{"TRUMP_norm": {"min": {"min_val": 0.17501489122316033, "min_dist": "0905", "min_plan": 3414}, "max": {"max_val": 0.34116630510718093, "max_dist": "0903", "max_plan": 1089}}, "BIDEN_norm": {"min": {"min_val": 0.3129352066078753, "min_dist": "0901", "min_plan": 1280}, "max": {"max_val": 0.4381578411747736, "max_dist": "0904", "max_plan": 344}}, "White_norm": {"min": {"min_val": 0.5376650597850383, "min_dist": "0905", "min_plan": 3324}, "max": {"max_val": 0.8335601359716924, "max_dist": "0904", "max_plan": 2495}}, "Black_norm": {"min": {"min_val": 0.03298749421836683, "min_dist": "0901", "min_plan": 1579}, "max": {"max_val": 0.20305353364447423, "max_dist": "0904", "max_plan": 900}}, "Native_norm": {"min": {"min_val": 0.0019149361091718685, "min_dist": "0901", "min_plan": 1092}, "max": {"max_val": 0.006605019411792172, "max_dist": "0903", "max_plan": 1365}}, "Asian_norm": {"min": {"min_val": 0.024003113578412522, "min_dist": "0905", "min_plan": 4135}, "max": {"max_val": 0.0667715076009205, "max_dist": "0905", "max_plan": 4435}}, "Other Race_norm": {"min": {"min_val": 0.0876738196787365, "min_dist": "0904", "min_plan": 2208}, "max": {"max_val": 0.22886131742011187, "max_dist": "0905", "max_plan": 4676}}, "population": {"min": {"min_val": 527938, "min_dist": "0904", "min_plan": 3970}, "max": {"max_val": 619727, "max_dist": "0903", "max_plan": 2201}}, "area": {"min": {"min_val": 765207129.1951483, "min_dist": "0902", "min_plan": 1181}, "max": {"max_val": 6357967045.22363, "max_dist": "0904", "max_plan": 2671}}, "< $10k_norm": {"min": {"min_val": 0.02752825424099845, "min_dist": "0901", "min_plan": 1071}, "max": {"max_val": 0.07622987315482774, "max_dist": "0903", "max_plan": 4357}}, "$10k - $29k_norm": {"min": {"min_val": 0.09185625811231088, "min_dist": "0901", "min_plan": 1219}, "max": {"max_val": 0.17941962022424082, "max_dist": "0903", "max_plan": 1748}}, "$30k - $49k_norm": {"min": {"min_val": 0.09764689036017477, "min_dist": "0901", "min_plan": 2783}, "max": {"max_val": 0.16447816685085756, "max_dist": "0903", "max_plan": 4357}}, "$50k - $99k_norm": {"min": {"min_val": 0.21523898018835141, "min_dist": "0903", "min_plan": 3052}, "max": {"max_val": 0.3167099856138825, "max_dist": "0905", "max_plan": 537}}, "$100k - $149k_norm": {"min": {"min_val": 0.14872093088557567, "min_dist": "0903", "min_plan": 4445}, "max": {"max_val": 0.20653804837070686, "max_dist": "0905", "max_plan": 4351}}, "$150k - $199k_norm": {"min": {"min_val": 0.07350540680085049, "min_dist": "0903", "min_plan": 4357}, "max": {"max_val": 0.11639274364623929, "max_dist": "0905", "max_plan": 3207}}, "> $200k_norm": {"min": {"min_val": 0.06746087247872766, "min_dist": "0903", "min_plan": 1269}, "max": {"max_val": 0.27485148150742295, "max_dist": "0905", "max_plan": 778}}, "population_rural_norm": {"min": {"min_val": 0.08558580612602298, "min_dist": "0902", "min_plan": 1181}, "max": {"max_val": 0.8152797453438823, "max_dist": "0903", "max_plan": 1331}}, "population_urban_norm": {"min": {"min_val": 0.06200927938058321, "min_dist": "0902", "min_plan": 1594}, "max": {"max_val": 0.7329148032940331, "max_dist": "0905", "max_plan": 3414}}, "population_suburban_norm": {"min": {"min_val": 0.06152625504904789, "min_dist": "0902", "min_plan": 3299}, "max": {"max_val": 0.33696131471528373, "max_dist": "0902", "max_plan": 4989}}, "poverty_level_norm": {"min": {"min_val": 0.12144628565982601, "min_dist": "0903", "min_plan": 3557}, "max": {"max_val": 0.2545779831706077, "max_dist": "0903", "max_plan": 1748}}, "finance": {"min_finance": 97074.58797923615, "min_finance_plan": 565, "max_finance": 98366.03355306303, "max_finance_plan": 4155}, "land": {"min_land": 0.7458141922982551, "min_land_plan": 1521, "max_land": 0.7700391468485519, "max_land_plan": 3182}}