{
  "ok": {
    "race": {
      "White": {
        "Trump": {
          "mean": 0.7750643403697662,
          "ci_lower": 0.7692058454025337,
          "ci_upper": 0.7808777925108797
        },
        "Biden": {
          "mean": 0.20467485314237369,
          "ci_lower": 0.19849935221404408,
          "ci_upper": 0.21085293745919018
        }
      },
      "Black": {
        "Trump": {
          "mean": 0.011714112823069852,
          "ci_lower": 0.00634536999925797,
          "ci_upper": 0.019106625377726043
        },
        "Biden": {
          "mean": 0.9787012256672089,
          "ci_lower": 0.9680654809092538,
          "ci_upper": 0.9856189864654309
        }
      },
      "Native": {
        "Trump": {
          "mean": 0.8855313991930566,
          "ci_lower": 0.8503600884139634,
          "ci_upper": 0.9169576498807354
        },
        "Biden": {
          "mean": 0.05189399044600735,
          "ci_lower": 0.027473525340497518,
          "ci_upper": 0.0785720900188918
        }
      },
      "Asian": {
        "Trump": {
          "mean": 0.009343904467262293,
          "ci_lower": 0.0026887042990572222,
          "ci_upper": 0.02073812057012432
        },
        "Biden": {
          "mean": 0.9836299499422277,
          "ci_lower": 0.9656819370889738,
          "ci_upper": 0.9957209948315585
        }
      },
      "Other": {
        "Trump": {
          "mean": 0.24520536883772726,
          "ci_lower": 0.22178771834787958,
          "ci_upper": 0.27195252941975917
        },
        "Biden": {
          "mean": 0.660114518230537,
          "ci_lower": 0.6350372263313302,
          "ci_upper": 0.68520375839973
        }
      }
    },
    "income": {
      "Less than $30k": {
        "Trump": {
          "mean": 0.5776778673686226,
          "ci_lower": 0.5632173554016757,
          "ci_upper": 0.592206638547531
        },
        "Biden": {
          "mean": 0.3782930830575373,
          "ci_lower": 0.36347832616651377,
          "ci_upper": 0.39251649784382747
        }
      },
      "$30k - $59k": {
        "Trump": {
          "mean": 0.6070430637268854,
          "ci_lower": 0.5903810149357304,
          "ci_upper": 0.6238226567373344
        },
        "Biden": {
          "mean": 0.34161921657900063,
          "ci_lower": 0.3244410819670995,
          "ci_upper": 0.3588868970060897
        }
      },
      "$60k - $99k": {
        "Trump": {
          "mean": 0.7145333974703075,
          "ci_lower": 0.69376694074143,
          "ci_upper": 0.7343195069740556
        },
        "Biden": {
          "mean": 0.2270926715139446,
          "ci_lower": 0.20717865258514562,
          "ci_upper": 0.24650741978173776
        }
      },
      "$100k - $149k": {
        "Trump": {
          "mean": 0.8443906011232978,
          "ci_lower": 0.8126574931729363,
          "ci_upper": 0.8760514839874017
        },
        "Biden": {
          "mean": 0.09290050142519363,
          "ci_lower": 0.0628055804729181,
          "ci_upper": 0.12605977476638208
        }
      },
      "More than $150k": {
        "Trump": {
          "mean": 0.6934576266598126,
          "ci_lower": 0.6589799570645734,
          "ci_upper": 0.7306806843079764
        },
        "Biden": {
          "mean": 0.2486408724502211,
          "ci_lower": 0.21304812831160577,
          "ci_upper": 0.2835447793849717
        }
      }
    },
    "region": {
      "Rural": {
        "Trump": {
          "mean": 0.7590530433210292,
          "ci_lower": 0.7540197348330653,
          "ci_upper": 0.7638573129437082
        },
        "Biden": {
          "mean": 0.2194614941199691,
          "ci_lower": 0.2146796749321716,
          "ci_upper": 0.2244651295861359
        }
      },
      "Urban": {
        "Trump": {
          "mean": 0.47744951921000706,
          "ci_lower": 0.4678909018612447,
          "ci_upper": 0.48701044082007156
        },
        "Biden": {
          "mean": 0.48870918474862285,
          "ci_lower": 0.4793921200805396,
          "ci_upper": 0.49840489129241206
        }
      },
      "Suburban": {
        "Trump": {
          "mean": 0.5504362475613385,
          "ci_lower": 0.533748829333532,
          "ci_upper": 0.566902105639387
        },
        "Biden": {
          "mean": 0.4080371287892243,
          "ci_lower": 0.3909915755963249,
          "ci_upper": 0.42430003346587175
        }
      }
    }
  },
  "ct": {
    "race": {
      "White": {
        "Trump": {
          "mean": 0.5011991045018948,
          "ci_lower": 0.49354621083900213,
          "ci_upper": 0.5082449709204115
        },
        "Biden": {
          "mean": 0.4797631957331621,
          "ci_lower": 0.4722824814467581,
          "ci_upper": 0.4868838143526217
        }
      },
      "Black": {
        "Trump": {
          "mean": 0.001677940617323104,
          "ci_lower": 0.0003653507844707058,
          "ci_upper": 0.004622979466387907
        },
        "Biden": {
          "mean": 0.9976151410777799,
          "ci_lower": 0.9941031093754047,
          "ci_upper": 0.9995938247216052
        }
      },
      "Native": {
        "Trump": {
          "mean": 0.05564770804569023,
          "ci_lower": 0.0030641348730903843,
          "ci_upper": 0.14985255052878635
        },
        "Biden": {
          "mean": 0.9374056608602651,
          "ci_lower": 0.8580512323547717,
          "ci_upper": 0.979784344171343
        }
      },
      "Asian": {
        "Trump": {
          "mean": 0.016970517569335018,
          "ci_lower": 0.0035017469293227473,
          "ci_upper": 0.04519792920454825
        },
        "Biden": {
          "mean": 0.9902460921501154,
          "ci_lower": 0.9721665849906115,
          "ci_upper": 0.9990810634475211
        }
      },
      "Other": {
        "Trump": {
          "mean": 0.01824879187258127,
          "ci_lower": 0.006422134083505625,
          "ci_upper": 0.03324064082179734
        },
        "Biden": {
          "mean": 0.9793080265879042,
          "ci_lower": 0.9566090832712153,
          "ci_upper": 0.9907545991774797
        }
      }
    },
    "income": {
      "Less than $30k": {
        "Trump": {
          "mean": 0.013953120116909563,
          "ci_lower": 0.003759930950402889,
          "ci_upper": 0.03060435716060267
        },
        "Biden": {
          "mean": 0.9900105503406663,
          "ci_lower": 0.9796826914181831,
          "ci_upper": 0.9969195319169107
        }
      },
      "$30k - $59k": {
        "Trump": {
          "mean": 0.04595324455264929,
          "ci_lower": 0.016048212972942847,
          "ci_upper": 0.08919467071177303
        },
        "Biden": {
          "mean": 0.9270588657306651,
          "ci_lower": 0.8838862942999043,
          "ci_upper": 0.9617772261388445
        }
      },
      "$60k - $99k": {
        "Trump": {
          "mean": 0.3272709036728162,
          "ci_lower": 0.27813887531714715,
          "ci_upper": 0.37628529547985456
        },
        "Biden": {
          "mean": 0.641692963004345,
          "ci_lower": 0.5938564530410888,
          "ci_upper": 0.6896303081195296
        }
      },
      "$100k - $149k": {
        "Trump": {
          "mean": 0.5773143794375906,
          "ci_lower": 0.5245318837029879,
          "ci_upper": 0.6288804494552386
        },
        "Biden": {
          "mean": 0.3831917652353337,
          "ci_lower": 0.32959320491787114,
          "ci_upper": 0.4427842542915902
        }
      },
      "More than $150k": {
        "Trump": {
          "mean": 0.4429397629208059,
          "ci_lower": 0.4132247139835971,
          "ci_upper": 0.4737299931550391
        },
        "Biden": {
          "mean": 0.536884966046778,
          "ci_lower": 0.5056530627714172,
          "ci_upper": 0.5669117642404858
        }
      }
    },
    "region": {
      "Rural": {
        "Trump": {
          "mean": 0.43911111255761504,
          "ci_lower": 0.42981131094200076,
          "ci_upper": 0.4487177633390593
        },