{
  "ok": {
    "Rural": [0.3065015479876161, 0.31985294117647056, 0.684971098265896, 0.8583333333333333, 0.937984496124031],
    "Suburban": [0.050387596899224806, 0.06875, 0.1069364161849711, 0.11397058823529412, 0.20123839009287925],
    "Urban": [0.011627906976744186, 0.07291666666666667, 0.20809248554913296, 0.49226006191950467, 0.5661764705882353],
    "White": [
      0.6087370636,
      0.6488816547,
      0.6639601797,
      0.7352543479,
      0.7796961794
    ],
    "Black": [
      0.029841528000000003,
      0.0324046459,
      0.0520038559,
      0.0831018982,
      0.1275287844
    ],
    "Native": [
      0.04709909,
      0.0573553588,
      0.06289076610000001,
      0.06475981110000001,
      0.1770330944
    ],
    "Asian": [
      0.0055837201,
      0.008534795500000001,
      0.0170262362,
      0.0282217424,
      0.03059733
    ],
    "Other Race": [
      0.1220090204,
      0.1235814778,
      0.13282479390000002,
      0.17503489360000002,
      0.18603773210000002
    ],
    "< $10k": [
      0.0577938489,
      0.0593424518,
      0.060394015100000004,
      0.072098653,
      0.08112929740000001
    ],
    "$10k - $29k": [
      0.1877487281,
      0.1888811297,
      0.201068626,
      0.21247103490000002,
      0.2625251637
    ],
    "$30k - $49k": [
      0.1840885921,
      0.1864980152,
      0.1873938725,
      0.1903943095,
      0.20459393550000002
    ],
    "$50k - $99k": [
      0.2965860073,
      0.3031409143,
      0.3039357609,
      0.31532143830000003,
      0.3257430543
    ],
    "$100k - $149k": [
      0.10305296620000001,
      0.1215290182,
      0.1392486502,
      0.14339478120000002,
      0.1501747847
    ],
    "$150k - $199k": [
      0.031083457300000002,
      0.0438213945,
      0.0515827654,
      0.0546229728,
      0.057277317
    ],
    "> $200k": [
      0.0210291727,
      0.0383491575,
      0.0393264019,
      0.0601459432,
      0.064212369
    ]
  },
  "ct": {
    "Rural": [0.2611111111111111, 0.31386861313868614, 0.3712121212121212, 0.4645161290322581, 0.8467153284671532],
    "Suburban": [0.10218978102189781, 0.12878787878787878, 0.16666666666666666, 0.1935483870967742, 0.2846715328467153],
    "Urban": [0.051094890510948905, 0.3419354838709677, 0.40145985401459855, 0.5, 0.5722222222222222],
    "White": [
      0.6439503987,
      0.6467569576000001,
      0.6563065528,
      0.7040420961,
      0.8424287315000001
    ],
    "Black": [
      0.030901612000000002,
      0.0701859089,
      0.106328448,
      0.1478540627,
      0.1501502228
    ],
    "Native": [
      0.0033877151,
      0.0036955869,
      0.0041628946000000005,
      0.004391889600000001,
      0.0051601105000000005
    ],
    "Asian": [
      0.0319715508,
      0.036218528800000004,
      0.0469930192,
      0.054331398700000005,
      0.0567856911
    ],
    "Other Race": [
      0.0895379951,
      0.1476698659,
      0.15451446970000002,
      0.1764164135,
      0.1858578793
    ],
    "< $10k": [
      0.039456879300000004,
      0.0411608937,
      0.0493791674,
      0.056221559600000005,
      0.059053029800000004
    ],
    "$10k - $29k": [
      0.1018992409,
      0.1166229445,
      0.1347086968,
      0.1451993868,
      0.157865628
    ],
    "$30k - $49k": [
      0.1048896789,
      0.1285142902,
      0.14030238369999998,
      0.1405626949,
      0.146393767
    ],
    "$50k - $99k": [
      0.2045476679,
      0.2777067482,
      0.2788787275,
      0.2838902039,
      0.3046352619
    ],
    "$100k - $149k": [
      0.15196943220000003,
      0.171429479,
      0.17501276980000002,
      0.1855949191,
      0.1960233634
    ],
    "$150k - $199k": [
      0.0899880866,
      0.0912930783,
      0.0998894626,
      0.1000918304,
      0.1048030546
    ],
    "> $200k": [
      0.09007481390000001,
      0.1044042505,
      0.109944206,
      0.12215114640000001,
      0.2954412561
    ]
  }
}